,id_company,name
0,328,HeyHey
1,329,Teltonika de Chile
2,1602, Spark Real Estate Software
3,1603, Coup
4,130,Rombus Global
5,131,Larnu Spa
6,512,CorpSpin
7,132,Bitovi
8,134,GolMaster
9,263,inVentures
10,515,Tale Me Stories
11,369,ITPatagon
12,670,Cognox
13,671,Cuidamelo
14,372,margarita uauy e hijos ltda.
15,657,Nando
16,660,Soho Chile
17,669,Opinando Online
18,371,Magna
19,658,Winemaking Control
20,659,Aditiva S.A. Sucursal del Perú
21,383,Ichigo
22,1604,Terapify
23,1605,Consultora Tecnológica Aligare
24,1607,Andamas
25,1608,Campaign Precision
26,249,VASS latam
27,251,UP3
28,252,Aproe
29,245,Big Bob
30,820,Tecnologías Peruanas
31,232,banit.club
32,808,ONEVC
33,811,Grow It Consulting
34,239,Celulosa Arauco y Constitución S.A
35,226,Hacienda Inmobiliaria
36,227,Dolce Vita Recruitment
37,803,TEC-ADN
38,231,iScope
39,769,Fligoo
40,634,Request
41,636,B1G Digital
42,639,SMS Sudamérica
43,770,Selnet
44,628,AGRICOLA GARCES
45,629,YopMail
46,631,Spincommerce LLC
47,138,AT360
48,139,TFB Co.
49,619,BananaDesk
50,622,ZIMPLE PR
51,608,NCON Turbines
52,609,BitMinds Consultors
53,612,WSNpro
54,614,i-Way Recruiting Intelligence
55,615,APIPAY
56,537,Hero Guest
57,542,Fitmob
58,528,Conexión Ingenieros
59,529,Tamara.cl
60,530,Sterio.me
61,535,AM
62,618,Kuvasz Solutions S. A.
63,516,infoQ
64,570,Siónica
65,571,Rework
66,230,Haibu Solutions
67,581,CINES E INVERSIONES CINEPLEX LIMITA
68,565,Scopic Software
69,566,Holafly
70,247,VAB Ingeniería
71,246,GlobalMinds
72,322,Hello Show
73,548,NG Consulting Group
74,241,Avantica
75,728,Imprek
76,734,mejores practicas
77,735,Getcom
78,721,e-contact
79,722,APIUX Tecnologia SpA
80,723,TawaStudio S.A.C.
81,724,SKB Tarento
82,192,City Car Rental
83,207,Nucleo Estudio
84,361,El Mundo al reves
85,714,Mas Analytics
86,364,Dog republic
87,366,Moofwd
88,718,Estudio12
89,352,Data Campfire
90,704,Stream Cast
91,356,nssit
92,359,Principal Financial Group
93,280,Medularis (ClickFono)
94,760,Icommerce
95,10,The Brihaspati Infotech
96,501,Grupo la República Digital
97,761,Havas Media Group
98,762,Bedu
99,764,Suda Spa
100,766,TACOALTO Diseño
101,767,ID1 Internet
102,35,Educatina
103,278,Concepto Group
104,758,CONSULTORA EN SEGURIDAD E HIGIENE
105,744,Bufete Gomez
106,745,Teledx.Org
107,748,Faltan Manos
108,749,Ikimun LLC
109,737,Sinapsis Innovation
110,738,Revista AQP
111,739,Ventana Free
112,741,Smart Talent IT
113,742,PriceLab
114,743,Kriterio Ltda
115,58,wQ SpA
116,304,Sodimac Perú
117,662,WXCODE LATAM
118,698,Fire Bee Techno Services Pvt Ltd
119,699,Reach
120,702,Financia en Línea
121,703,Engaus
122,692,VLR Group
123,680,ConoSurIT
124,682,FRESCO
125,684,El Sótano
126,685,SPARTA
127,863,Mobeats S.A.
128,849,Achik
129,850,Blackcore
130,842,Cinemad.tv
131,843,Asesorias RRHH
132,845,Synopsis S.A.
133,834,Open Edge Technologies
134,835,"Global Resources, C. A"
135,837,techlabs
136,872,Agencia Grupo Silva
137,873,variacode
138,876,Nerd Interactive Thinking
139,879,BRINKS
140,868,Yelleh
141,871,SukSa
142,795,Software y Consultoría Proemsa
143,796,Fraterna.com
144,790,Talos Digital
145,17,Merit Pages
146,776,virtualQ
147,778,KSB Chile SA
148,780,Classroomate
149,771,TV PERÚ
150,772,Instagram Post Likes
151,773,Cósmica jesi
152,774,Faro Travel
153,827,Transport Systems SAS
154,828,Genesys
155,829,ezhome
156,816,Recsa
157,413,Paytech Solutions
158,367,Sharepoint
159,719,ITD Chile
160,489,Inssoft
161,319,Dukes Hotel London
162,580,Zembia
163,264,I2B TECHNOLOGIES
164,274,Freshwork Studio Chile
165,599,Cloudsynergy
166,275,Airmatek
167,597,simple-it
168,242,Fonelli
169,265,dandoo
170,309,Factory
171,310,Centuno Solutions
172,311,Unisolutions SA
173,298,Over IT SpA
174,844,Jangara Tech
175,602,Giga Cars
176,71,ñ{ñ{
177,104,Smart Payments SpA
178,106,TimePoints
179,107,Figgu
180,460,All Travel
181,97,Sumeria
182,215,KENDROX
183,103,Agencia DMP
184,213,Carmellimo
185,509,SoundcloudTomp3Downloader
186,18,Pyme Online
187,19,Agencia Pejerrey
188,444,treSesenta
189,57,Rusteria
190,63,T2O media
191,32,Platanus
192,41,KGByCIA
193,44,Geoxite
194,266,Don Pollo
195,399,Exus Agencia Web
196,384,Singulari SpA
197,385,Adoos
198,386,Yopmail
199,38,EDSA Asociados SAC
200,287,Dawncoffee
201,21,Mi Águila
202,39,Softtek
203,45,Dafiti
204,94,Vipealo
205,95,ByB Consultores
206,91,Twable
207,88,JakSol
208,440,Crossing
209,442,Chanoma
210,283,Gyet
211,282,CIET_UAI
212,281,The ReAd Company 
213,223,Avalon Pharmaceuticals
214,447,Grupo B&L
215,432,Logisticapp Sas 
216,433,Lumbrera
217,435,Best LinkedIn Automation Tools
218,354,Bestias SpA
219,214,WeShip
220,707,AmberAds
221,425,Laika
222,203,Diacos
223,429,Leadsius
224,430,Imaginex
225,611,TFTpumps
226,500,SB Pay
227,491,AEF Perú
228,887,CATENDA
229,885,CASETEXT
230,34,Fundación Caupolicán Pardo
231,889,STEADILY
232,892,GFINITY PLC
233,895,NICER
234,882,DOXIMITY
235,893,WEBBERNET
236,880,DEEDMOB
237,883,STELLAR HEALTH
238,493,CÍVICO
239,480,ITrace Partners
240,970,THRILLING
241,14,Wivo
242,289,ngquality
243,87,rgg
244,913,BLUEPRINT POWER
245,69,Connectae
246,271,Capitalizarme
247,931,OMURE
248,928,IMG.LY
249,950,QATALOG
250,945,KOALAFI
251,951,NEBULAB
252,938,PROCESS STREET
253,936,ENDPOINT CLOSING
254,939,POWER DIARY
255,958,CHECKLY
256,953,STICKER MULE
257,956,MAINSTREET
258,959,MEUNDIES
259,946,"THEOREMONE, LLC"
260,957,CLOSE
261,944,EASYPRACTICE
262,947,THE PREDICTIVE INDEX
263,934,PRESAIL
264,929,READY2ORDER
265,932,CARTO
266,935,TWISP
267,949,CYZA
268,395,Life!
269,118,Pámela
270,299,Questana
271,683,Imast Perú
272,261,educ.ar
273,259,Asesor Financiero
274,933,TOPTAL
275,948,LEXSHARES
276,942,JERRY
277,937,HUMAN RIGHTS WATCH
278,940,COLABRA
279,943,GROWYOURBASE
280,930,THEMEISLE
281,941,CLEVERTECH
282,324,Hunternet
283,918,WHIP MEDIA
284,325,FábricaDG
285,916,KOMOOT
286,919,QUALIA
287,906,APPONBOARD
288,917,FULLSTORY
289,904,SKYSLOPE
290,907,TOGGL
291,926,SWORD HEALTH
292,921,SPACEMESH
293,924,HIVEBRITE
294,927,TERAZO
295,914,TEYLOR
296,925,KRIT
297,912,READYTAL
298,915,TINDER
299,902,INDIVISIBLE
300,897,NEW VISIONS FOR PUBLIC SCHOOLS
301,900,VOX
302,903,ZENCASTR
303,954,OSO
304,901,HEALTHVERITY
305,952,JOBSCAN
306,955,COINFLOW
307,910,AMBASSADOR LABS
308,905,VOLCANIC INTERNET
309,908,PESTO
310,898,SPOTIFY
311,909,GETTY IMAGES
312,896,TRELLIS
313,899,BETTERLEAP
314,288,JASoft Solutions
315,922,CHOWNOW
316,920,YELP
317,923,BUSINESS WIRE
318,888,MUX
319,890,COILED
320,294,Estudio de diseño El Buen Camino
321,968,FINTUAL
322,1,Neox
323,5,Marco Marketing
324,22,Inmobiliaria Fundamenta
325,234,Smoke Inc
326,891,TINY
327,25,Juju
328,115,Escuela Esoterica Isis
329,27,Agencia Imaginato
330,678,Soleit.app
331,149,AG-PRO
332,147,Buena Buena - Estudio de Diseño
333,966,REDDIT
334,961,VIMEO
335,964,LUXOR TECHNOLOGY
336,967,TOGGL HIRE
337,965,NEWS REVENUE HUB
338,969,TILE
339,960,RETAILNEXT
340,963,WETRANSFER
341,24,ThoughtWorks
342,28,Quality & Knowledge
343,47,Kyklos
344,49,masFusion
345,50,Santex
346,54,Blue Company
347,62,Cometa
348,65,Mapcity
349,74,Metrik
350,114,Celmedia
351,90,Fabrik
352,497,WELLMAN RECRUITMENT SOLUTIONS
353,113,Dsac Chile
354,124,Hotaki Cosmetic Dermatology
355,673,Enlace Fiscal
356,648,Webclass LMS Ltda.
357,652,ROBLES IT
358,655,Broota Spa
359,653,Creasys
360,101,GoCloud
361,105,TCG
362,110,Evertec
363,116,Penji
364,121,Falabella Financiero
365,122,Ticketplus
366,127,Syncromind
367,133,Table
368,135,Mercado Libre
369,137,efizity
370,646,Metasolutions
371,642,GAP global Solutions SAC 
372,233,Motion Displays
373,141,Laboratoria
374,148,AVLA
375,158,YOM
376,159,REQUORDIT
377,160,Artool
378,164,Cancun Airport Transportation
379,172,Majestic Media
380,188,Seek
381,201,Grupo MOK
382,208,Prodalam S.A.
383,217,Cultivo
384,216,Imagemaker
385,633,Link2City
386,29,Achutar
387,12,LAPTOWN ARBOLEDAS
388,75,Innovandio
389,492,Conveyornow
390,291,Bamboo Group Interactive
391,52,Hostname
392,150,MIKOPO
393,46,Parco
394,221,Multiconsulting
395,238,Elevation
396,240,Facturedo
397,244,Ideas Digitales Aplicadas
398,256,Asyntec
399,260,Belatrix Software
400,268,Kibernum
401,323,Henley
402,302,Forus S.A.
403,681,Yellow Pepper
404,463,Isbast
405,307,DDB Latina
406,308,Chilexpress
407,333,Enhance IT
408,335,Recruitme Consulting
409,342,Frogmi
410,347,Come Bien
411,355,Movix
412,368,COMARCH
413,376,SMU S.A
414,378,Megatime
415,381,GBM
416,387,AdVerit
417,388,Jelly
418,403,Swiss Capitals Group
419,408,Awto
420,6,CorreosChile
421,575,tsuiokuhen
422,510,CYL GESTION DEL TALENTO HUMANO E.I.
423,511,Novasoft Corporación Empresarial.
424,470,Ipsum HR
425,7,MGC
426,415,GoStudent
427,428,Mazars
428,445,MediAccess
429,197,Redbyte
430,23,Imactions
431,11,Global Knitwear
432,9,Yuvika Business
433,506,Fennoma
434,504,TALANA
435,450,Grafos
436,316,MURUNA
437,527,Amazon
438,33,WORLDCOB
439,73,Moblox.io
440,686,escobarte
441,219,inTres
442,449,Telefe
443,300,Fusion Comunicaciones 
444,53,Fortytwo Sports
445,301,Pacific Latam
446,400,Áurea Content
447,303,Expan
448,624,Omnicon
449,1606,Justo
450,243,ADMSYS
451,821,Sofrecom
452,810,Globant
453,804,SELP
454,583,Fundación Ciudadano Inteligente
455,626,Smart Supply
456,763,FCBMAYO Chile
457,479,Disartmedia
458,477,Ing de Software & BI
459,80,Potencial Digital
460,306,Real Deal Interactive
461,126,Reactor
462,313,MobileAware
463,765,Grupo Link
464,751,GTK
465,645,Innovared
466,691,Logicsoft
467,856,Rocket Marketing
468,848,El Colombiano
469,846,TechEra
470,847,VOIQ
471,838,Grupo OET
472,864,Canales
473,867,Teads
474,785,Core Security
475,788,Sigcomt
476,822,Your Personal Professor
477,656,Brandigital
478,487,Heinsohn Business Technology
479,475,Sigma Studios
480,598,Simplee
481,559,Newshore Servicios Globales
482,553,Venture Capital
483,805,Apptec
484,806,SOAINT
485,517,ZeBrands
486,962,BINANCE
487,416,Amipass
488,195,HIVETIRE by HiveSystems
489,419,TODO1 Services
490,616,Smith
491,1609,MYOVANT SCIENCES
492,320,Growth Lab
493,1610,CONFLUENT
494,1611,CRUXOCM
495,1612,LEVEL GOALS
496,1613,KIKOFF
497,1614,CARTED
498,1615,CLASSPASS
499,1616,DBT LABS
500,1617,CHOOSE YOUR CHALLENGE - DATA CAREERS
501,1618,GENERALLY INTELLIGENT
502,1619,PACKMATIC GMBH
503,1620,LOCUS ANALYTICS
504,1621,BLENDERBOX
505,1622,CONTENTSQUARE
506,1623,FLACONI
507,1624,YAT LABS & TARI LABS
508,1625,SOCI
509,1626,MAXMIND
510,1627,MEDAL
511,1628,INDUSTRY DIVE
512,1629,SMALLSTEP
513,1630,QUICKNODE
514,1631,IRON FISH
515,1632,JOURNEE - THE METAVERSE COMPANY™
516,1633,COPIA AUTOMATION
517,1634,VHT
518,1635,BOLD PENGUIN
519,1636,FANATICS
520,1637,FATHOM RADIANT
521,1638,INVISIBLE
522,1639,LUFTHANSA INNOVATION HUB
523,1640,OPENINVEST
524,1641,MOMENTRANKS
525,1642,DROPS
526,1643,OMG
527,1644,ACTIVECAMPAIGN
528,1645,VOLTUS
529,1646,APPLOVIN
530,1647,SERVERLESS
531,1648,PRELIM
532,1649,NTROPY NETWORK INC
533,1650,BIG HEALTH
534,1651,SYNTHRO
535,1652,BARSALA
536,1653,HIPCAMP
537,1654,ROCKETAIR
538,1655,BEAUTYCOUNTER
539,338,Rule 1 Ventures
540,1656,MEDIUM
541,1657,COREWEAVE
542,1658,CODEFORTYNINE
543,1659,ALPHAFLOW
544,1660,AIRBYTE
545,1661,TELNYX
546,1662,FELLA HEALTH (YC W20/S21)
547,1663,FULLSCRIPT
548,1664,KIT CHECK
549,1665,FAVOR
550,1666,CA CUSTOMER ALLIANCE
551,1667,ARCHILYSE AG
552,1668,TESORIO
553,1669,"MEKARI (MID SOLUSI NUSANTARA, INC.)"
554,1670,OHMCONNECT
555,1671,HOFY
556,1672,GOHIRING GMBH
557,1673,SECUREFRAME
558,1674,ATLAS
559,1675,EDEN HEALTH
560,1676,BREEZE AIRWAYS™
561,1677,STORETASKER
562,1678,TENDO SYSTEMS
563,1679,MR YUM
564,1680,STENSUL
565,1681,FEATHR
566,1682,FUBOTV
567,1683,DELTA DENTAL
568,1684,AQUABYTE
569,1685,CARB MANAGER
570,1686,CIVIQS
571,1687,SCHUFA HOLDING AG
572,1688,VISUAL BLASTERS
573,1689,HELVIX GMBH
574,1690,OBIE
575,1691,DRCHRONO
576,1692,SOLUTIONS JOURNALISM NETWORK
577,1693,FLYP
578,1694,MANGO LANGUAGES
579,1695,INTEGRAL
580,1696,VERISIGN
581,1697,SUBSCRIBIE
582,1698,WATTPAD
583,1699,BEEHIIV
584,1700,CARS.COM
585,1701,DEEP CHANNEL
586,1702,PROTON.AI
587,1703,CHERRY TECHNOLOGIES
588,1704,ROGERS & COWAN PMK
589,1705,FISSION
590,1706,SUMO LOGIC
591,1707,TEMPMEE
592,1708,ONDO FINANCE
593,1709,KOLLIDER
594,1710,"AGILEASSETS, A TRIMBLE COMPANY"
595,1711,PYTHIAN
596,1712,IANULY TALENT ACCELERATORS
597,1713,EAZE
598,1714,AD HOC TEAM
599,1715,MYCELIUM
600,1716,DAPPER LABS
601,1717,COHABS
602,1718,RUBY LABS
603,1719,UDEMY
604,1720,CHECKEDSAFE
605,1721,WONOLO
606,1722,WHITE SAND
607,1723,HOSPITABLE
608,1724,LEVER
609,1725,THE FLATIRON SCHOOL
610,1726,EMPIRE FLIPPERS
611,1727,SURESWIFT CAPITAL
612,1728,PLATO
613,1729,MINT SONGS
614,420,Cloud Coder Labs
615,1730,BLOOM
616,1731,POLYSCALE.AI
617,1732,COLOR
618,1733,TEXTILE
619,1734,KPA
620,1735,SERPAPI
621,1736,STREAMLABS
622,1737,TREASURE DATA
623,1738,ALTRUISTIQ
624,1739,DEFT (FORMERLY SERVERCENTRAL)
625,1740,RELIABLE ROBOTICS
626,1741,FATHOM
627,1742,MONZO
628,1743,LOOTLOCKER
629,1744,3BOX LABS
630,1745,COMPOSE AI
631,1746,AMPCONTROL.IO
632,1747,ROCKETLINKS
633,1748,DEFIANT
634,1749,ADDEFEND
635,1750,WPRIDERS
636,1751,BEST EGG
637,1752,TUTTI.CH
638,1753,OTRIUM
639,1754,BAINBRIDGE HEALTH
640,1755,MILK MOOVEMENT
641,1756,SCREENFUL
642,1757,YARAKU
643,1758,PRIXVIEW
644,1759,HELMHOLTZ-ZENTRUM BERLIN FÜR MATERIALIEN UND ENERGIE
645,1760,PHOTOROOM
646,1761,LIMBIC
647,1762,DATAPANE
648,1763,NADINE WEST
649,1764,OCTOPUS ENERGY
650,1765,AGREETO INC
651,1766,HYPERLAB AB
652,1767,DOCEBO
653,1768,TERRASTRUCT
654,1769,SEDITION ART
655,1770,DEFECTOR MEDIA
656,1771,PROSPECT
657,1772,LEADOWL
658,1773,CREDIBLE
659,1774,MOVES FINANCIAL
660,1775,POINTCLICKCARE
661,1776,NON FUNGIBLE TECHNOLOGIES
662,1777,GHOST
663,1778,HI-REZ STUDIOS
664,1779,LAUNCHDARKLY
665,1780,INDELLIENT
666,1781,TRACTION ON DEMAND
667,1782,OMNI INTERACTIONS
668,1783,CASANA GMBH
669,1784,GOPUFF
670,1785,FORTRABBIT
671,1786,VOLUMEFI
672,1787,MATCHDAY
673,1788,CLOUDBEES
674,1789,STYTCH
675,1790,REO
676,1791,DOCKER
677,1792,VIRTUAL PRICING DIRECTOR
678,1793,PHIL
679,1794,NUVOCARGO
680,1795,INVITEMEMBER
681,1796,SAFETYWING
682,198,Geosolve
683,641,SIDEKICK
684,1797,#¿NOMBRE?
685,1798,HUBUC
686,1799,REFINE LABS
687,1800,VORTO
688,1801,DEVOTED HEALTH
689,1802,PROJECT ADMISSION
690,1803,DISTRU
691,1804,TRILOGY EDUCATION
692,1805,INTOUCH GROUP
693,1806,BEROPS
694,1807,ALLTRAILS
695,1808,CAREER OPPORTUNITY
696,1809,ORKES
697,1810,TRANSCEND
698,1811,TRUEPILL
699,1812,STACKED COLLECTIVE
700,1813,ROBIN POWERED
701,1814,IVPN
702,1815,DAILY KOS
703,1816,PIEPACKER
704,1817,CRUNCHBASE
705,1818,SHERBET
706,1819,SONICWALL
707,1820,"VOX MEDIA, LLC"
708,1821,PINGPONG
709,1822,CRAZYGAMES
710,1823,CIRCLE MEDICAL - A UCSF HEALTH AFFILIATE
711,1824,ZKX
712,1825,JLS TRADING CO.
713,1826,FORTANIX
714,1827,LOLLY CO
715,1828,INDEED
716,1829,PDQ
717,1830,FRONT
718,1831,TECHSTARS
719,1832,RUSH STREET INTERACTIVE
720,1833,TOURHERO
721,1834,MARCO POLO
722,1835,"MOUNTAINTOP STUDIOS, INC."
723,1836,LYFT
724,1837,PRELUDE
725,1838,PARTNERSTACK
726,1839,SPREAKER
727,1840,GLASSDOOR
728,1841,ZOE
729,1842,FORTER
730,1843,ALCHEMY
731,1844,FANMIO
732,1845,BACK MARKET
733,1846,STELLENONLINE.DE AKTIENGESELLSCHAFT
734,1847,PACKAGIST CONDUCTORS
735,1848,VEED.IO
736,1849,SOLAR MONKEY
737,1850,AUTOTRADER
738,1851,COINS.PH
739,1852,SILVERFIN
740,1853,OMADA HEALTH
741,1854,"READYTAL, INC"
742,1855,HOXHUNT
743,1856,WAYFLYER
744,1857,MARK COPY
745,1858,BINANCE.US
746,1859,CLEARESTATE
747,1860,ULTRA MOBILE
748,1861,AIRSHIP
749,1862,MODSQUAD
750,1863,DARWIN HOMES
751,1864,MACHSHIP
752,1865,EMAILABLE
753,1866,TELEPORT
754,1867,D4H
755,1868,CLICKMINDED
756,1869,GETGROUND
757,1870,CITIZENLAB
758,1871,PURPLE TECHNOLOGY
759,1872,MOOV FINANCIAL
760,1873,EXP WORLD HOLDINGS
761,1874,NOYO
762,1875,PODSIGHTS
763,1876,TEAMFLOW
764,1877,APOLLO
765,1878,HIGHSPOT
766,1879,THE GIVING BLOCK
767,1880,SALESCHAMP B.V.
768,1881,ARC STUDIO
769,1882,RIVIAN AUTOMOTIVE
770,1883,CIRCULO
771,1884,ANGELLIST TALENT
772,1885,FABLE
773,1886,"BULLHORN, INC."
774,1887,MYND
775,1888,THEOREMONE
776,1889,GUIDEPOINT SECURITY
777,1890,MOJITO
778,1891,LINKTREE
779,1892,IDT
780,1893,VIRTI
781,1894,GOCASPI
782,1895,SONA
783,1896,ZUVA
784,1897,E-COMMERCE STEALTH STARTUP
785,1898,ILUME INFORMATIK AG
786,1899,SHAREUP
787,1900,BLUETHUMB
788,1901,PULSAR INFORMATICS
789,1902,ECI SOFTWARE SOLUTIONS
790,1903,AGREENA
791,1904,NOVA CREDIT
792,1905,"NEWRETIREMENT, INC."
793,1906,ARCARTA
794,1907,GASBUDDY
795,1908,LIKVIDO
796,911,ITERATIVE
797,417,Scotiabank
798,421,Tip2u
799,452,MB Solutions
800,461,Remote Team Solutions
801,478,Desert Point
802,199,Nutrialus
803,505,Alianzateam
804,423,N12
805,250,IZIMEDIA
806,560,Izit SpA
807,380,We Technologies
808,254,Disoft Academy
809,574,Exing
810,578,Passfolio
811,585,SOUTHFIRE SPA
812,623,Anchor
813,603,Agencia Land
814,604,Polux HR
815,638,Gearlabs
816,180,Credicorp Capital
817,255,Modernizing Medicine
818,690,Tigabytes
819,594,Canal 13
820,700,Viviré
821,713,Devlabs SpA
822,720,Duemint
823,732,Xelere
824,730,easycancha
825,613,Kipp
826,182,Symbiose
827,534,Táctica HR
828,798,Geekz
829,814,U Intelligence Soluciones
830,610,Nexbu Chile
831,351,Bennu
832,855,Asertiva
833,595,Banco de Chile
834,549,Coolbet
835,336,Light4Brands
836,222,Somax SPA
837,823,ZenByte
838,587,Rinno Lab
839,588,A3 Electric Mobility
840,590,iOLED
841,577,Experto Retail
842,801,Consultores HR Trust
843,321,SherpaWMC
844,228,Woken
845,168,Promarketing
846,350,Ingenieros Consultores Urra Ltda.
847,154,GRUPO TOMICIC
848,155,Huella Estructural
849,346,Derecho y Tecnología SAC
850,637,Open World
851,144,Koyag
852,145,DUHOVIT
853,672,MetLife
854,146,Puente Digital
855,151,PredictifyMe
856,136,Planbox
857,1216, PolyScale
858,1217, CareerPlug
859,1218, TinyBit﻿
860,1219, IPinfo.io﻿
861,1220, Iterative
862,1221, SocialHub
863,1222, Storetasker
864,1223," Brivity, Inc."
865,1224, Clevertech
866,1225, Toptal
867,1226, Float
868,1227, Zeal
869,1228, CodeSignal
870,1229, OpenCraft
871,1230, Bottomless
872,1231, Clerky
873,1232, Producement
874,1233, Vaan Group
875,1234, Narrative I/O
876,1235, Point Pickup Technologies Inc
877,1236, Civiqs
878,1237, Daily Kos
879,1238, UserWise
880,1239, DuckDuckGo
881,1240," Defiant, Inc."
882,1241, BidWrangler
883,1242, Ethyca
884,1243, OpenPlay
885,1244, 800.com
886,1245, FileCloud
887,1246, Doximity
888,1247, Capchase
889,1248, Thinkific
890,1249, Toggl
891,1250, NationBuilder
892,1251, Springboard
893,1252, Bit Zesty
894,1253, Titan School Solutions
895,1254, SlashData Ltd
896,1255, Census
897,1256, Cardtech
898,1257, Car & Classic
899,1258, EasyPractice
900,1178,Builder
901,1259, TrendSpider
902,1260, Tech Guys Who Get Marketing
903,1261, Expensify inc.
904,1262, TestGorilla
905,1263, Pressable
906,1264, WalletConnect
907,1265, Mojito
908,1266, Social Mobile
909,1267, komoot
910,1268, Sticker Mule
911,1269, Uniminer Labs LLC
912,1270, Last Call Media
913,1271, Wordwall
914,1272, Stacker
915,1273, Jibble
916,1274, Revaluate
917,1275, Wealthbox
918,1276, Combined
919,1277, Knack
920,1278, Slab
921,1279, Fonoa
922,1280, Trumid Technologies
923,1281, Shaker
924,1282, Mudflap
925,1283, GetYourLawyer
926,1284," Duet, Inc."
927,1285, Power Home Remodeling
928,1286, Shift Lab
929,1287, Upright Labs
930,1288, Beech Valley
931,1289, X-Team
932,1290, OperateBeyond
933,1291, Frameable Inc
934,1292, SiteOne Landscape Supply
935,1293, Juni
936,1294, Beema
937,1295, Synergy Sports
938,1296, CompanyCam
939,1297, Smile.io
940,1298, Automattic
941,1299, FingerprintJS
942,1300, Fitabase
943,1301, TriumphPay
944,1302, Ren Systems
945,1303, Bankjoy
946,1304, Moody's Analytics
947,1305, LexShares
948,1306, Enzyme
949,1307, Intercap Registry Inc.
950,1308, Fleetio
951,1309, Nebulab
952,1310, Circle
953,1311, Creative Force
954,1312, Spider.com
955,1313, SPACE
956,1314, Relevant Bits
957,1315, Ticketmatic
958,1316, Bentley Systems
959,1317, Mantra Health
960,1318, Working Not Working
961,1319, Files.com
962,1320, Simvoly
963,1321, Optimile
964,1322, caseable GmbH
965,1323, D4H
966,1324, Noddus
967,1325, Myagi
968,1326, Hulkshare Limited
969,1327, Almanac
970,1328, OhmConnect
971,1329, Draft.dev
972,1330, DEON
973,1331, Help Scout
974,1332, Follow Up Boss
975,1333, Pac-12 Networks
976,1334, Brightline Health
977,1335, PolicyFly
978,1336, Cardinal Financial
979,1337," Upstack Technologies, Inc."
980,1338, Judge.me
981,1339, Spline
982,1340, Pennylane
983,1341, Tanooki Labs
984,1342, Jobandtalent
985,1343, Punchbowl
986,1344, Aha!
987,1345, Localize
988,1346, Pixel Union Design Ltd.
989,1347, Bookwhen
990,1348, A.Team
991,1349, Coldsmoke Creative
992,1350, Fathom
993,1351, Axios
994,1352, Kaiju Capital Management
995,1353, Network Ninja
996,1354, Doxy.me
997,1355, DNSimple
998,1356, Zuub
999,1357, Litmus
1000,1358, Plato
1001,1359, Zero Hash
1002,1360, IVPN
1003,1361, Ebury
1004,1362, SimplyAnalytics
1005,1363, Crowdcast
1006,1364, VetSnap
1007,1365, Showcase IDX
1008,1366, Bitovi
1009,1367, Twikey
1010,1368, sherpa°
1011,1369, Likvido.com
1012,1370, The Giving Block
1013,1371, eDRV
1014,1372," iTrade Pay, LLC"
1015,1373, Engaged MD
1016,1374, MercuryWorks
1017,1375, Admiral
1018,1376, Chili Piper
1019,1377, Contra
1020,1378, Space Squirrel Ltd.
1021,1379, WebDevStudios
1022,1380, KAPSYS
1023,1381, Chalkboard
1024,1382, Spins Software for Merchants
1025,1383, The Events Calendar
1026,1384, AgencyAnalytics
1027,1385, LootLocker
1028,1386, Test Double
1029,1387, Teylor AG
1030,1388, starfish
1031,1389, ThreeFlow
1032,1390, ChartMogul
1033,1391, Metadata Inc.
1034,1392, Nova Credit
1035,1393, Anoma (Heliax)
1036,1394, Bonfire
1037,1395, iPhone Photography School
1038,1396, Teal
1039,1397, Mixmax
1040,1398, WINGSPAN
1041,1399," Postie, Inc"
1042,1400, WPKube
1043,1401, Locally
1044,1402, Mammoth Growth
1045,1403, Ticketsolve
1046,1404, BuildBook
1047,1405, Tampa Bay Rays
1048,1406, ProFinda
1049,1407, Logically Secure
1050,1408, Recordsure
1051,1409, MindsDB
1052,1410, G2i Inc.
1053,1411, Argyle
1054,1412, 800.com﻿
1055,1413, Forward Action
1056,1414, Sweden Unlimited
1057,1415, ZSA
1058,1416, InvergeHQ
1059,1417, Faqx
1060,1418, Inductive Automation
1061,1419, Sleep Number
1062,1420, Privacy Hero
1063,1421, Elevate Labs
1064,1422, Chameleon
1065,1423, Hey Summit
1066,1424, Mediavine
1067,1425, Superformula
1068,1426, Sked Social
1069,1427," TheoremOne, LLC"
1070,1428, Peanut
1071,1429, We Make Websites
1072,1430, Omure
1073,1431, Conduktor Inc
1074,1432, Table Needs
1075,1433, Inclusion System
1076,1434, Mappedin
1077,1435, Bennie
1078,1436, Zeta
1079,1437, MartianCraft LLC
1080,1438, Minut
1081,1439, Waldo Photos
1082,1440, Browser
1083,1441, Atlas Obscura
1084,1442, JLS Trading Co.
1085,1443, Doubledot Media
1086,1444, Bootcamp.com
1087,1445, Aurora Solar
1088,1446, Frameable
1089,1447, Lucyd Media
1090,1448, Uscreen
1091,1449," Wellbe, Inc."
1092,1450, Refokus GmbH
1093,1451, Hotjar
1094,1452, vidIQ
1095,1453, Matchstic
1096,1454, Teaching.com
1097,1455, Parachute Design Group
1098,1456, Krit
1099,1457, Order Desk
1100,1458, Designlab
1101,1459, Filestage
1102,1460, Interaction Design Foundation
1103,1461," Create Ape, inc."
1104,1462, Edge by Ascential
1105,1463, Guardian360
1106,1464, VIRTUALhaus
1107,1465, Karat Financial
1108,1466, Catalog
1109,1467, Rapptr Labs
1110,1468, Sierra Interactive
1111,1469, EngagedMD
1112,1470, Saltbox
1113,1471, KOMOJU by Degica
1114,1472, Salesmsg
1115,1473, CloudZero
1116,1474, Tandem
1117,1475, Carrot
1118,1476, Ternoa
1119,1477, Greenback Expat Tax Services
1120,1478, Deep Consulting Solutions
1121,1479, Nagarro Digital Ventures
1122,1480, Presidio Creative
1123,1481, Weerk LLC
1124,1482, Neurvana Naturopathic Medicine
1125,1483, Vannevar Labs
1126,1484, Asamby Consulting
1127,1485, Team 80
1128,1486, Tithe.ly
1129,1487, Power Diary
1130,1488," Human Made, makers of Altis DXP"
1131,1489, Manara
1132,1490, Flightradar24
1133,1491, Paymentology
1134,1492, WordPress VIP
1135,1493, Spreedly
1136,1494, Paysure Solutions Ltd
1137,1495, Modus Create
1138,1496, Place Inc
1139,1497, Ohio University
1140,1498, ArborXR
1141,1499, XM
1142,1500, Silktide
1143,1501, OpSourced
1144,1502, Loadsmart
1145,1503, Epion Health
1146,1504, The Scale Factory
1147,1505, Builder Prime
1148,1506, Insycle
1149,1507," Wordable, LLC"
1150,1508, AMAZIX LIMITED
1151,1509, CoinTracker
1152,1510, Coaching.com
1153,1511, BCD Travel Services B.V.
1154,1512, Tiller
1155,1513, ReCharge Payments
1156,1514, Awesome Motive
1157,1515, InvestorFuse
1158,1516, Bold Metrics
1159,1517, Omni Interactions
1160,1518, Juni Learning
1161,1519, OffCampus Apartment Finder
1162,1520, Virtuous
1163,1521, WP All Import
1164,1522, Astropad
1165,1523, Close
1166,1524, Trifecta Retail Ventures
1167,1525, Agent Pronto
1168,1526, Tucows
1169,1527, Shogun
1170,1528, Tighten
1171,1529, Jolly SEO
1172,1530, Quicken Loans
1173,1531, Phaidra
1174,1532, Intelum
1175,1533, National Public Media
1176,1534, ConvertKit
1177,1535, Academia Europea International
1178,1536, Yoko Co
1179,1537, Daxko
1180,1538, SafetyWing
1181,1539, Hawk Research
1182,1540, Apollo Executive Search
1183,1541, Stone Press
1184,1542, Scalability Solutions LLC
1185,1543, Ordergroove
1186,1544, Indebted
1187,1545, Mindmaven
1188,1546, Livingston Research
1189,1547, eDynamic Learning
1190,1548, Brilliant
1191,1549, Podia
1192,1550, Thunderfoot
1193,1551, Vidalytics
1194,1552, Salesflow
1195,1553, Microverse
1196,1554, Participatory Culture Foundation
1197,1555, Great Question
1198,1556, ClickGUARD Inc.
1199,1557, Today's Local Media
1200,1558, AMAZIX
1201,1559, Talentopia
1202,1560, Discourse
1203,1561, Tawkify
1204,1562, Conversion Rate Experts (CRE)
1205,1563, Dragonfruit Media
1206,1564, Primer
1207,1565, Lobby Token
1208,1566, Mode Mobile
1209,1567, Fella Health (YC W20/S21)
1210,1568, BearTax
1211,1569, Quartzy
1212,1570, Ellipsis Marketing LTD
1213,1571, QRY
1214,1572, LitCharts
1215,1573, WorkMotion Software GmbH
1216,1574, Agency Elevation
1217,1575, Abstract
1218,1576, Venveo
1219,1577, DesignFiles
1220,1578, Credit Glory
1221,1579, Greenback Expat Tax Services﻿
1222,1580, Informed Software
1223,1581, Secure Privacy
1224,1582, Bannerbear
1225,1583, Yugabyte
1226,1584, Content at Scale
1227,1585, Collegewise
1228,1586, Growth Machine
1229,1587, Hubstaff
1230,1588, New Law Business Model
1231,1589, Open Head NFT
1232,1590, Stamped.io
1233,1591, GoDigitalChina AS
1234,1592, Alitu
1235,1593, Flovatar
1236,1594, Stan
1237,1595, OpenInvest
1238,1596, Rasayel
1239,1597, Adam Enfroy
1240,1598, Memberful
1241,1599, Paved
1242,1600, Subscript
1243,1601, Codeable ApS
1244,988,DNA Human Capital
1245,193,BeCycling
1246,194,HolaPues
1247,422,Neta Systems
1248,601,Krishna Astrologer
1249,605,RagzZa Group
1250,606,AMIPASS
1251,607,ACP S.A.
1252,592,AID s.a.
1253,593,Ballerina Shoes Wholesaler
1254,589,Cyberline
1255,591,Heartlytics
1256,579,teamtweaks
1257,196,Media Interactive
1258,418,Adexus
1259,431,Academia Superior de Idiomas
1260,972,Pegasus
1261,974,Centro Medico del Trabajador
1262,987,Rankmi
1263,986,Scopic
1264,984,ScharfsteinLabs
1265,991,Jooycar
1266,990,Fork
1267,971,TCIT
1268,983,Buk
1269,175,The Andes Brands
1270,519,Partners Analytics S.A.C.
1271,162,Nubox
1272,163,PAONDE S.A.
1273,276,Autoo
1274,663,Delpa Group
1275,286,Oniric
1276,327,Dentalink
1277,173,hjkhjk
1278,568,Idea Uno Ltda.
1279,985,Reign
1280,562,Pixelartgratuit.fr - Pixel art
1281,563,AEON
1282,564,ImplementaSur
1283,426,Reciclapp SpA
1284,375,GestionX
1285,554,VRWEB
1286,555,FalconDev
1287,520,Redin
1288,1079,Falabella
1289,1122,ANTICA S.A.
1290,993,Talentuum
1291,1069,Acaisoft
1292,1068,MACH
1293,1059,Aflore
1294,1058,CONTPAQi
1295,1065,Qin Technology
1296,1064,Nnodes
1297,1071,MBI Inversiones
1298,1070,BCP
1299,1061,NTT DATA Europe & LATAM
1300,1060,Gamaga
1301,1057,Cassidi
1302,1056,Todo a la Obra
1303,1063,Shipit
1304,1062,ALAS
1305,1037,UWIGO
1306,1036,CrazyCake Technologies
1307,1027,BICE VIDA
1308,1026,3IT
1309,1033,Cencosud S.A
1310,1032,Tiaxa
1311,1039,etiner
1312,1038,IDEA UNO
1313,1029,Dirección ChileCompra
1314,1028,VMetrix International SPA
1315,1083,ACTIS
1316,1082,Ria Money Transfer
1317,1025,Derivatik SPA
1318,1024,ServiceRocket
1319,1031,Modyo
1320,1030,Webdox
1321,1085,Nectia Software S.p.A
1322,1084,42labs
1323,1075,Medismart.live
1324,1074,Legria
1325,1081,TiMining
1326,1080,ICONSTRUYE
1327,1087,Teltonika de chile
1328,1086,Zerofox
1329,1077,BLUE SMILE TECHNOLOGY
1330,1076,Metbus
1331,1067,Selaski
1332,1066,Rendalo Maq
1333,1073,MEAT Cöde
1334,1072,Destacame.cl
1335,1078,Jumpitt Labs
1336,995,FULLTIMEFORCE
1337,1114,Capitaria
1338,1011,I2B Technologies
1339,1005,Transbank
1340,1004,CLM Digital Solutions
1341,994,Platzi
1342,1001,Dominion
1343,1000,Dafiti Group LATAM
1344,1007,Manager Software
1345,1006,Ensitech
1346,997,Option
1347,996,2Brains
1348,992,Kabeli
1349,999,Soporta Ltda
1350,998,MATCH · Agencia-consultora
1351,975,Leniolabs_
1352,1019,Nubox SpA
1353,1018,Arrayán Financiero
1354,1021,wherEX
1355,1020,Orbis Data
1356,1010,Cargofive
1357,1017,Copec S.A
1358,1016,DataQu
1359,1023,PeanutHub
1360,1022,GUX
1361,1013,FORMA
1362,1012,ID Business Intelligence
1363,1003,Derco
1364,1002,BNamericas
1365,1009,Laskie
1366,1008,Ordico
1367,1015,Enara Health @ SF+NY+Latam
1368,1014,Flat Digital
1369,989,WiTi
1370,979,ClickIT Smart Technologies
1371,978,San Cirilo
1372,981,Synopsys Chile
1373,980,Cornershop Inc.
1374,1112,BSALE
1375,976,Bci
1376,1097,500 Global
1377,1093,Persis
1378,1047,SimpliRoute
1379,1091,Dynamic Devs
1380,1101,siler
1381,1050,REAL GROUP
1382,1041,División de Gobierno Digital
1383,1120,Goplaceit
1384,1035,Yapo.cl
1385,1053,Sngular
1386,1052,Tucar
1387,1043,Creattiva Datacenter
1388,1049,Drivetech SpA
1389,1054,Autofact Chile
1390,1044,Lima Innovation Lab
1391,1042,Enerlink
1392,1034,U-Zave
1393,1045,Deloitte
1394,1040,ZerviZ
1395,1046,Devaid
1396,1100,Exacta Digital Media Research
1397,1055,Inmetrics LATAM
1398,1090,Hackmetrix
1399,1048,Peru Apps
1400,1096,PRECISION
1401,1103,Tactech Spa.
1402,1102,Gat-Blac
1403,1092,DALT Applications
1404,1051,Fusemachines
1405,1089,La Vega Delivery
1406,1088,Inpsyde GmbH
1407,1095,Centribal
1408,1094,Itaú Chile
1409,1121,SPACEPOINTE INC.
1410,1115,Cárbula
1411,1117,LFi
1412,1116,ComparaOnline
1413,1107,IGX
1414,1106,GlobalConexus
1415,1113,Trebol IT
1416,982,Ripley
1417,1119,AUKKO
1418,1118,Plexy
1419,1109,Coding Dojo
1420,1108,Geovictoria
1421,1099,Workdyst
1422,1098,Graviti
1423,1105,Plazbot
1424,1104,Axteroid
1425,1111,Unholster
1426,1110,Gain
1427,1179,Grupo Kaufmann
1428,1181,Smart Apartment Data
1429,1180,IPSUM
1430,1171,Gregario
1431,1170,rFlex.io
1432,1177,uDocz
1433,1176,Angular
1434,1183,Amedia
1435,1182,Synolia
1436,1173,Aptus
1437,1172,Vacasa
1438,1163,Recorrido Latin America SpA
1439,1162,Lisit
1440,1169,Staff Chile
1441,1168,Gasco
1442,1175,Mediastream
1443,1174,Incitus Capital
1444,1186,Lebox
1445,1193,Enviame
1446,1192,FollowUP
1447,1133,Centry
1448,1132,Capta Hydro
1449,1189,Romero y Asociados S.A.
1450,1188,Corbin and Brooks
1451,1129,Nisum Chile
1452,1128,SiteHost
1453,1134,Xepelin
1454,1125,QuantumX
1455,1124,Vestua.com
1456,1127,Mercat
1457,1126,Arkhotech
1458,1123,Floid
1459,1165,Architonic ArchDaily
1460,1164,Bitacora.io
1461,1155,Recursiva
1462,1206,Admetricks
1463,1161,Plutora
1464,1160,Entrekids
1465,1167,Dsarhoya SpA
1466,1166,RetailCompass
1467,1157,Blum SAF
1468,1156,Prosys Ingeniería
1469,1211,Antara Mining
1470,1210,Zweicom
1471,1153,Wholemeaning
1472,1152,Neomadas
1473,1159,Finantech
1474,1158,Philaxmed
1475,1213,Belvo
1476,1146,Zippy SpA
1477,1203,DevRank
1478,1202,Racional
1479,1209,Nexar
1480,1208,Creditú
1481,1215,Focus Work / Fintesk
1482,1214,Garage Labs
1483,1205,Cordada
1484,1204,Prey
1485,1145,AgendaPro
1486,1194,Inexoos
1487,1151,INGERENCIA
1488,1150,uPlanner
1489,1141,Alluxi
1490,1140,Encuadrado
1491,1131,BOOZ
1492,1136,Red Campus Sustentable
1493,1207,MobDev
1494,1138,eDarkstore
1495,1143,Magnet
1496,1142,Talently
1497,1137,Ironside SpA
1498,1130,Outcode Software Peru
1499,1201,foris.ai
1500,1144,Leqtus
1501,1212,Analyze
1502,1139,Cardda
1503,1148,Lanek
1504,1149,LITSLINK
1505,1195,INFOKRAUSE
1506,1147,Perfaware Chile SPA
1507,1154,Finerio Connect
1508,1190,d-Una
1509,1191,Abaqus
1510,1184,Agencia Sur
1511,1185,KeyClouding
1512,1198,The Not Company
1513,1199,Micolet
1514,1187,SSIndex
1515,1196,Alegra
1516,1197,Snuuper
1517,1135,Mux
1518,1200,Talana
1519,129,ANT
1520,617,"LastFood, Inc."
1521,140,TrainFES
1522,620,Oopart SpA
1523,621,Finix Group
1524,143,WMTek
1525,183,winglass
1526,894,QCONTACT
1527,886,CONTINU
1528,881,NIGHT MARKET
1529,884,SIDERO
1530,184,PRODIGIO
1531,536,Austral Falcon
1532,186,Asech
1533,538,NHADASOFT S.A.S.
1534,539,Satelite Peru m2m
1535,540,Notus
1536,541,RiskAmerica
1537,191,Axity Chile SPA
1538,176,Unabase
1539,177,Reversso
1540,178,Ttools
1541,179,LARS Software Company
1542,142,SmartCFO
1543,170,Data Conversion Service
1544,171,Tester app
1545,523,Webit Studios
1546,524,Consorcio
1547,174,Lexgo
1548,526,Acid Labs
1549,161,Lemontech
1550,513,CETTIC
1551,584,casacoins.com
1552,546,"Humming, interfaz y usabilidad"
1553,514,Wheel the World
1554,165,Bice Ventures
1555,166,Vigigo
1556,627,Levita Magnetics
1557,345,DE Red Conecta
1558,569,AFP Habitat
1559,348,Estudio MOCA
1560,349,Moissanite Vintage Engagement Rings
1561,573,Relke
1562,547,NUBECONT SA
1563,337,Profe Social SpA
1564,632,Illumant LLC
1565,339,(CR)2
1566,340,Minami Design Collective
1567,341,GenderLab
1568,343,ekdkskd
1569,552,Haka Lab
1570,331,Puntonet S.A.
1571,725,Rocketpin
1572,800,Hand Roll
1573,334,Shift
1574,558,Datapro
1575,330,RMG Staffing
1576,326,Escaleno
1577,551,Bigpictures
1578,377,Forcast.
1579,729,LS Consultores
1580,379,coreDevX
1581,731,Mining TAG S.A.
1582,711,Asimov Consultores
1583,661,Rialis Software
1584,382,GL Group
1585,248,RAVN SAC
1586,370,Synaptic
1587,79,UNIT
1588,373,We-Prospect SPA
1589,374,WebKreativo
1590,726,Whiz
1591,727,TotalPack Ltda.
1592,712,DRIMKIP
1593,362,Sunerh
1594,363,TeselaGen SpA
1595,220,Joke Society LLC
1596,715,Suma
1597,716,Multivende
1598,717,4r Soluciones S.R.L
1599,314,Zippedi
1600,353,corvitac GmbH
1601,706,Multiwireless
1602,708,DESAFIO LATAM
1603,709,Carsales.com
1604,710,R5
1605,284,Seiza
1606,285,TelecoSMS
1607,272,Minga Digital
1608,273,Bindex
1609,753,Liferay Latin America
1610,754,TICBLUE LTDA
1611,755,IT Hunter
1612,277,DigitalHunter
1613,757,Readiness IT
1614,279,Cloud Solutions Ltda
1615,759,WPCHILE
1616,267,OCTO Inc.
1617,43,AREAweb
1618,269,KPI Football
1619,270,Socialab
1620,750,Kurma SpA
1621,257,DVA Capital
1622,258,Magmalabs
1623,406,Consultora LDT
1624,740,Scotiabank Digital Factory
1625,262,Tipddy Ltda
1626,312,elun
1627,664,CRS Group
1628,665,Hey Foodie
1629,666,Fivana
1630,667,ilógica
1631,668,Rindegastos
1632,318,KTI Hunter
1633,411,Sugo
1634,410,Social Hound
1635,305,Soho
1636,802,Global66
1637,484,Compsci
1638,752,gestsol
1639,15,Position
1640,649,Bizlinks
1641,650,VTI-UChile
1642,651,Perceptum
1643,654,Autentia
1644,556,BitBang Estudio Digital
1645,640,Kuntur Tech
1646,68,Nimbic
1647,503,Agence Consultoría y Desarrollo
1648,643,Eniax
1649,644,CANVIA
1650,358,T2B
1651,647,uBiome
1652,696,eSponsor
1653,697,Workia
1654,701,eTrans
1655,200,Ventus Partner
1656,689,Deneb Consultores
1657,693,Rhiscom
1658,635,NETZUN
1659,451,iDatum
1660,695,FounderList
1661,462,Toesca desarrollos
1662,459,Solunegocios S.A
1663,687,Redon
1664,117,AE Online Solutions
1665,674,ProactiveOffice.com
1666,688,Consultora PsicoLab Tech
1667,676,I-GO SPA
1668,677,INGENIERIA SOLEM  S.A.
1669,679,Continuum
1670,857,DawChile
1671,858,Kontigo
1672,859,Espacio Seguro
1673,860,Fracttal
1674,204,Corporacion Educativa Pamer
1675,861,Masnet SPA
1676,862,ITREALS
1677,474,EasyTax
1678,70,VendorX
1679,295,Independent recruiter
1680,851,Pago Fácil SpA
1681,293,ligup
1682,853,El Softwerista SpA
1683,854,"Movidos x Chile, COS"
1684,290,WOLKE
1685,840,Getaround
1686,841,Inwus
1687,733,Gladius
1688,72,Nearsure
1689,572,pinUp
1690,297,4Talent
1691,85,Rokket Labs
1692,836,Cybercenter
1693,839,Sales Assist
1694,550,WISBOO
1695,545,Vendty
1696,518,Consultora Pegas con Sentido
1697,874,NEW INFORMATICA SPA
1698,875,KSec SPA
1699,557,LeytonMedia
1700,877,Whooo
1701,878,VALIS TI
1702,865,Grupo  Clan
1703,866,Aictive
1704,869,Aloha
1705,812,ESIGN SA
1706,705,Datcapital
1707,792,CDIRancagua
1708,793,Pulsar
1709,825,ENTEL
1710,794,Facturaenlinea Limitada
1711,797,JOBFITTER
1712,488,OnTop Margketing
1713,799,Lagash
1714,784,Conekta
1715,786,CAV
1716,787,AZURIAN TECNOLOGIA LIMITADA
1717,561,Roier.ai
1718,789,ESG Compass
1719,436,Diacos Asesores Ltda
1720,791,AIRA
1721,777,Agronometrics
1722,779,Bridge
1723,781,Mktxdatos Europe SAS - GuideMeCuty2
1724,782,Hacknoid
1725,783,Red To Green S.A.
1726,768,Norte Digital
1727,344,Vigadigital
1728,167,Vectux Analytics
1729,775,How! Agencia Digital
1730,824,experti
1731,826,Ordename
1732,832,Andes
1733,830,Trend Group America | #tga
1734,831,Tionvel
1735,817,Consultora SPEC
1736,818,Moveapps
1737,819,Populus Group
1738,441,HeyAndes.com
1739,525,EDW Architectonics LLC
1740,37,Ministerio de Economía
1741,532,Riescorp
1742,169,Tango by Greystar
1743,36,Vinko
1744,522,Whataform
1745,389,Cáchate SPA
1746,521,Watermelon spa.
1747,181,Apoyate SpA
1748,694,Wolf SpA
1749,533,ComunidadFeliz
1750,543,SOLUTORIA
1751,531,Defontana
1752,736,SumUp
1753,190,Tu cantón
1754,189,Tubesoft
1755,185,Migrante
1756,187,Next Deal SpA
1757,544,MotelNow
1758,99,Trapi
1759,813,LAFFY
1760,747,ids agency
1761,852,TriCiclos
1762,392,TransaTuAuto
1763,128,Virgin Mobile Chile Spa
1764,404,SP Digital
1765,402,Chita
1766,48,We Remote
1767,60,Lab4U
1768,630,Ready
1769,119,SourceLabs
1770,412,Nala
1771,296,KPaz
1772,625,Whiz LATAM
1773,157,VIGATEC  S.A.
1774,156,Swarmob
1775,357,PlantMe spa
1776,153,For_Me
1777,152,Zeke
1778,229,4Agile
1779,582,bwired
1780,807,X&O
1781,225,Qventus
1782,224,TVUP Media Telecom
1783,870,South Pacific Logistics SpA
1784,576,Agilesoft SpA
1785,237,Cognus
1786,236,Pawiis
1787,235,World Vision Chile
1788,586,Kinedu
1789,809,HRB
1790,89,VZOR Spa
1791,292,2x3
1792,92,TOCTOC.com
1793,93,Work On Law
1794,596,Birdie
1795,81,iVisa
1796,82,Perk
1797,83,Izytech
1798,84,Baustack
1799,86,PortalTerreno.com
1800,469,Wihom
1801,253,FullKom
1802,499,SISDEF LTDA
1803,76,Currency Bird SpA
1804,77,Falabella Retail
1805,78,Nederlia Tech
1806,64,Motion displays
1807,66,The Bonding
1808,67,Klever Team
1809,600,4Geeks Academy
1810,120,Colectivo23
1811,472,KPMG
1812,473,Cbw
1813,123,hcmfront
1814,125,NT Group
1815,112,forEach
1816,464,FIRMAVB
1817,465,KLog.co
1818,202,Telefónica Movistar México
1819,111,Modelab
1820,466,NeuralWorks
1821,467,Innobyte
1822,468,Urbaner
1823,317,Gambit Studio
1824,675,Cardumen Latam
1825,471,Nimbi
1826,456,Intercorp
1827,457,Finmarkets
1828,458,Mutual de Seguros de Chile
1829,108,OpenPhone
1830,109,Sunai
1831,96,Beenary
1832,448,The Tiket
1833,98,Rebuss
1834,453,Eurocorp
1835,100,EMURGO
1836,102,Salvala App
1837,454,54 Solutions
1838,455,GameLab Education
1839,26,MZZO CHILE S.A
1840,507,Xmartlab
1841,508,Edgy
1842,30,Fundación Epistemonikos
1843,31,ProfeJOBS
1844,16,BITAM
1845,496,AcercaRSE
1846,434,Touch Task
1847,498,Dreamoms
1848,20,Passline Group
1849,502,Rextie
1850,8,Megabite
1851,815,TECHO-Chile
1852,332,Consultor Jorge Medina
1853,490,Get on Board
1854,13,AInwater
1855,494,Torre
1856,495,Calidad Cloud
1857,481,Analoga Servicios de Marketing
1858,482,Be-Partners
1859,483,Konstruyendo.com
1860,485,Mero
1861,486,TRIADA SOLUTIONS
1862,56,Crehana
1863,409,ImageMaker
1864,59,Proyecto MOMS
1865,315,Agil
1866,61,BlazingSQL
1867,567,Vigalab
1868,414,Kommi
1869,401,Nexit
1870,51,HICAPPS
1871,398,Smart Placement
1872,405,Caja Maynas S.A
1873,55,RECYLINK
1874,407,DNK Water S.p.A.
1875,42,Lisual
1876,394,GoSCM
1877,396,Devups
1878,397,Bunkey
1879,746,Inetum
1880,40,Barracks SpA
1881,393,TeamCore
1882,756,Buda.com
1883,390,Lirmi.com
1884,391,Decalink
1885,218,Zenta  Group
1886,443,GESNEXT
1887,476,Impulse
1888,446,BNP Paribas Cardif
1889,209,DGS
1890,210,Grupo Alvicom Trading
1891,211,Golan
1892,212,Ruvix
1893,833,TRES60 Digital By Default
1894,437,Tanner
1895,438,BCN School of business
1896,439,ANT Digital
1897,424,It Axioma
1898,365,M3storage
1899,427,Red de Expertos
1900,205,Want
1901,206,Lab51
1902,360,Vest
